{"number_episodes": 2, "episode_rewards": [432.49999999991405, 709.3999999999609], "mean_all_episodes": 570.9499999999375, "std_all_episodes": 138.4500000000234}