{"episode_rewards": [-35.58387096774253, -23.711111111111787, 67.66315789473607, 7.362686567163292, 88.09188191882046, 23.187671232875545, -30.100000000000644, 13.332835820894536, -23.457664233577358, 56.04617940199236, -27.636231884058663, 37.280191693289666, 37.83103448275747, 31.387889273355242, 52.67777777777714], "mean": 18.291495191144723, "std": 38.17523311715094}