{"number_episodes": 3, "episode_rewards": [432.49999999991405, 709.3999999999609, 643.099999999939], "mean_all_episodes": 594.999999999938, "std_all_episodes": 118.04973528138201}