{"episode_rewards": [-31.134482758621363, -27.18333333333401, -25.631914893617708, -24.831182795699622, -30.56357615894105, -28.91355932203457, -29.865886287626058, -27.107299270073707, 67.70821917808254, -37.96982248520762, -25.631914893617708, -26.92926829268362, 39.21888544891531, 31.572597864767637, -27.686206896552395], "mean": -13.663249659749598, "std": 30.863437134699264}