{"number_episodes": 5, "episode_rewards": [432.49999999991405, 709.3999999999609, 643.099999999939, 473.3999999999189, 754.199999999964], "mean_all_episodes": 602.5199999999394, "std_all_episodes": 127.79332376930019}