{"episode_rewards": [181.05015974441307, 269.0756272401467, -23.176923076923874, 92.09219219219321, -32.358064516129815, 174.59135802469453, 247.39034749035207, -30.10000000000078, 244.46928838951675, 63.887138263667225, 234.44545454545835, -22.609225092251744, 248.38484848485234, -31.69609120521253, -28.671428571429356], "mean": 105.78497879422306, "std": 121.88071308256265}